{"cameraMode":{"drawMode":0,"name":"Shaded","section":"Shading Mode"},"sceneLighting":true,"audioPlay":false,"sceneViewState":{"m_AlwaysRefresh":false,"showFog":true,"showSkybox":true,"showFlares":true,"showImageEffects":true,"showParticleSystems":true,"showVisualEffectGraphs":true,"m_FxEnabled":true},"in2DMode":false,"pivot":{"x":-17.92862892150879,"y":22.998891830444337,"z":101.49788665771485},"rotation":{"x":0.028169550001621248,"y":0.03744051605463028,"z":0.0010332319652661682,"w":-0.9989608526229858},"size":74.7311782836914,"orthographic":false}